{"C_train": [[1074, 371], [358, 124]], "scores_train": [0.621691748832382, 0.6250614604792082, 0.621691748832382, 0.6233539299547199]}