{"C_train": [[1349, 96], [158, 324]], "scores_train": [0.868188894654904, 0.8642080452587312, 0.868188894654904, 0.8650429964459101]}