{"C_train": [[257, 273], [278, 255]], "scores_train": [0.4816556914393227, 0.48166783026189486, 0.4816556914393227, 0.48165110417946444], "C_test": [[67, 79], [62, 58]], "scores_test": [0.4699248120300752, 0.4760615679412417, 0.4699248120300752, 0.47107233949748795]}