{"C_train": [[9, 14, 17], [19, 8, 14], [13, 14, 12]], "scores_train": [0.24166666666666667, 0.23979433205184766, 0.24166666666666667, 0.24019169628925727], "C_test": [[2, 5, 3], [4, 1, 4], [4, 2, 5]], "scores_test": [0.26666666666666666, 0.2569444444444445, 0.26666666666666666, 0.26138107416879797]}