{"C_train": [[40, 0, 0], [0, 38, 3], [0, 1, 38]], "scores_train": [0.9666666666666667, 0.9674588284344383, 0.9666666666666667, 0.9666666666666667], "C_test": [[10, 0, 0], [0, 9, 0], [0, 0, 11]], "scores_test": [1.0, 1.0, 1.0, 1.0]}