{"C_train": [[40, 0, 0], [0, 39, 2], [0, 0, 39]], "scores_train": [0.9833333333333333, 0.9841463414634146, 0.9833333333333333, 0.9833333333333333], "C_test": [[10, 0, 0], [0, 9, 0], [0, 0, 11]], "scores_test": [1.0, 1.0, 1.0, 1.0]}