{"C_train": [[421, 23], [86, 182]], "scores_train": [0.8469101123595506, 0.8519917104629461, 0.8469101123595506, 0.8417857091204938], "C_test": [[95, 10], [22, 52]], "scores_test": [0.8212290502793296, 0.8230219351142041, 0.8212290502793296, 0.8181737439049301]}