{"C_train": [[295, 149], [171, 97]], "scores_train": [0.550561797752809, 0.5431850535412333, 0.550561797752809, 0.5463762399450766], "C_test": [[63, 42], [52, 22]], "scores_test": [0.4748603351955307, 0.46345943648287585, 0.4748603351955307, 0.4677685281280131]}