{"C_train": [[434, 10], [59, 209]], "scores_train": [0.9030898876404494, 0.9081835034279617, 0.9030898876404494, 0.9007484686139263], "C_test": [[94, 11], [22, 52]], "scores_test": [0.8156424581005587, 0.8165674412062391, 0.8156424581005587, 0.8128293265367464]}