{"C_train": [[416, 28], [88, 180]], "scores_train": [0.8370786516853933, 0.840448409268634, 0.8370786516853933, 0.8319662383514066], "C_test": [[93, 12], [23, 51]], "scores_test": [0.8044692737430168, 0.8049485831705058, 0.8044692737430168, 0.8014856493571553]}