{"C_train": [[399, 45], [82, 186]], "scores_train": [0.8216292134831461, 0.8203650282301969, 0.8216292134831461, 0.8185836842223773], "C_test": [[89, 16], [22, 52]], "scores_test": [0.7877094972067039, 0.7864660585659601, 0.7877094972067039, 0.7861729657897729]}