{"C_train": [[397, 47], [159, 109]], "scores_train": [0.7106741573033708, 0.7082657124084656, 0.7106741573033708, 0.6886635573457706], "C_test": [[96, 9], [42, 32]], "scores_test": [0.7150837988826816, 0.7307238872728781, 0.7150837988826816, 0.6935506796570678]}