{"C_train": [[426, 18], [79, 189]], "scores_train": [0.8637640449438202, 0.8697166101563746, 0.8637640449438202, 0.859394762702686], "C_test": [[94, 11], [22, 52]], "scores_test": [0.8156424581005587, 0.8165674412062391, 0.8156424581005587, 0.8128293265367464]}