{"C_train": [[1097, 348], [344, 138]], "scores_train": [0.6408925791385574, 0.6418833965205271, 0.6408925791385574, 0.6413856749281573]}