{"C_train": [[1384, 61], [12, 470]], "scores_train": [0.9621172807472755, 0.9648198227529028, 0.9621172807472755, 0.9627068064466066]}