{"C_train": [[38, 1407], [6, 476]], "scores_train": [0.2667358588479502, 0.7108450501429939, 0.2667358588479502, 0.13896057624749567]}