{"C_train": [[1328, 117], [197, 285]], "scores_train": [0.8370524130773223, 0.8303325605292973, 0.8370524130773223, 0.8318737993941754]}