{"C_train": [[1445, 0], [482, 0]], "scores_train": [0.7498702646600934, 0.5623054138213985, 0.7498702646600934, 0.642682403578787]}