{"C_train": [[983, 462], [131, 351]], "scores_train": [0.6922677737415672, 0.7696794201220594, 0.6922677737415672, 0.7116935327405288]}