{"C_train": [[1433, 12], [33, 449]], "scores_train": [0.9766476388168137, 0.9766092771802598, 0.9766476388168137, 0.9764718499793258]}