{"C_train": [[1436, 9], [28, 454]], "scores_train": [0.9807991696938246, 0.9807960858975499, 0.9807991696938246, 0.980668850144805]}